"rgn_id","stock_id","taxon_key","year","catch","score","gap_fill"
1,"Sebastes_marinus-27",600501,2015,76924.15893,0.397113329028886,"none"
1,"Sebastes_mentella-27",600505,2015,36304.32698,0.431968651914052,"none"
1,"Reinhardtius_hippoglossoides-27",600516,2015,15572.06476,0.416956866067018,"none"
1,"Melanogrammus_aeglefinus-27",601381,2015,569415.8713,0.42174835209794,"none"
1,"Pollachius_virens-27",601343,2015,38626.17276,0.407676265241826,"none"
1,"Gadus_morhua-27",600069,2015,428798.1352,0.395785248070964,"none"
1,"Mallotus_villosus-27",600252,2015,246326.6221,0.411874785403448,"mean"
