"rgn_id","stock_id","taxon_key","year","catch","score","gap_fill"
1,"Sebastes_marinus-27",600501,2015,84788.58701,0.469108945230403,"none"
1,"Sebastes_mentella-27",600505,2015,33474.50652,0.48273002256228,"none"
1,"Reinhardtius_hippoglossoides-27",600516,2015,15715.07207,0.470130761410388,"none"
1,"Melanogrammus_aeglefinus-27",601381,2015,638437.0821,0.485077955294601,"none"
1,"Pollachius_virens-27",601343,2015,35863.01551,0.453209626856918,"none"
1,"Gadus_morhua-27",600069,2015,640210.5393,1,"none"
1,"Mallotus_villosus-27",600252,2015,153935.3586,1,"none"
